{"cameraMode":{"drawMode":0,"name":"Shaded","section":"Shading Mode"},"sceneLighting":true,"audioPlay":false,"sceneViewState":{"m_AlwaysRefresh":false,"showFog":true,"showSkybox":true,"showFlares":true,"showImageEffects":true,"showParticleSystems":true,"showVisualEffectGraphs":true,"m_FxEnabled":true},"in2DMode":false,"pivot":{"x":17.961532592773439,"y":4.261227130889893,"z":19.600704193115236},"rotation":{"x":0.39204341173171999,"y":-0.013799087144434452,"z":0.005880363751202822,"w":0.9198279976844788},"size":18.51566505432129,"orthographic":true}