{"cameraMode":{"drawMode":0,"name":"Shaded","section":"Shading Mode"},"sceneLighting":false,"audioPlay":false,"sceneViewState":{"m_AlwaysRefresh":false,"showFog":true,"showSkybox":false,"showFlares":true,"showImageEffects":true,"showParticleSystems":true,"showVisualEffectGraphs":true,"m_FxEnabled":true},"in2DMode":false,"pivot":{"x":28.794462203979493,"y":-3.7975571155548097,"z":32.499366760253909},"rotation":{"x":0.6931470632553101,"y":-0.007567903958261013,"z":0.007278315257281065,"w":0.7207217216491699},"size":42.20382308959961,"orthographic":false}