{"cameraMode":{"drawMode":0,"name":"Shaded","section":"Shading Mode"},"sceneLighting":true,"audioPlay":false,"sceneViewState":{"m_AlwaysRefresh":false,"showFog":true,"showSkybox":true,"showFlares":true,"showImageEffects":true,"showParticleSystems":true,"showVisualEffectGraphs":true,"m_FxEnabled":true},"in2DMode":false,"pivot":{"x":16.021867752075197,"y":-8.831212997436524,"z":25.250324249267579},"rotation":{"x":0.11104391515254975,"y":0.19106005132198335,"z":-0.021759377792477609,"w":0.9750358462333679},"size":22.122907638549806,"orthographic":false}